caseNumber,caseLabel,profileIndex,velocityProfile,observedDepth_m,wavelength_m,initialPlanarVelocity_mps,nAdmissibleRoots,shallowOrSoleRoot_m,selectedDeepOrSoleRoot_m,allRoots_m
1,R1,1,uniform,1.80580383756933,NaN,0.106906376914692,0,NaN,NaN,
1,R1,2,uniform,1.92135442365543,3.73250794760593,1.31218208769393,1,0.180901556428257,0.180901556428257,0.180901556428257
1,R1,3,uniform,2.07335461259936,4.03727116703195,2.01580592191021,1,0.492233643742182,0.492233643742182,0.492233643742182
1,R1,4,uniform,2.05451979728059,4.60000000000007,2.15476169173873,1,0.56314325308013,0.56314325308013,0.56314325308013
1,R1,5,uniform,1.99818682130535,4.31115473057226,2.18618321454317,1,0.608784012934484,0.608784012934484,0.608784012934484
1,R1,6,uniform,1.94185384550838,4.14469055313476,2.31785483059577,1,0.78417640131386,0.78417640131386,0.78417640131386
1,R1,7,uniform,2.32736606938488,4.50014719513234,2.27540485580693,1,0.675834391388628,0.675834391388628,0.675834391388628
1,R1,8,uniform,2.49482590119987,4.39854715634169,2.36028681512463,1,0.79140812435686,0.79140812435686,0.79140812435686
1,R1,9,uniform,2.47068716703143,4.36221864137907,2.48583793743858,1,1.0496902704559,1.0496902704559,1.0496902704559
1,R1,10,uniform,2.51937214596364,4.23774109398128,2.64281055353918,0,NaN,NaN,
1,R1,11,uniform,2.56805612507469,4.46514361538265,2.58040948349916,1,1.34086492092447,1.34086492092447,1.34086492092447
1,R1,12,uniform,2.61674020054033,4.71475413952096,2.54538585336772,1,1.03282015000822,1.03282015000822,1.03282015000822
1,R1,13,uniform,2.65352198008259,NaN,2.66567825455501,0,NaN,NaN,
1,R1,14,uniform,2.6481049824024,4.51251007518856,2.65040300146573,1,2.33857284154822,2.33857284154822,2.33857284154822
1,R1,15,uniform,2.64268898458067,5.31791619675441,2.67631140732734,1,1.10336435685076,1.10336435685076,1.10336435685076
1,R1,16,uniform,2.6321469490149,NaN,2.86685969231555,0,NaN,NaN,
1,R1,17,uniform,2.61931972470575,NaN,2.8479554531889,0,NaN,NaN,
1,R1,18,uniform,2.54961375484527,NaN,2.71452995379858,0,NaN,NaN,
1,R1,19,uniform,2.47990778478106,NaN,2.61851330015456,0,NaN,NaN,
1,R1,20,uniform,2.4102018147023,NaN,2.5867158929143,0,NaN,NaN,
1,R1,21,uniform,2.28389332293227,NaN,2.4262279676519,0,NaN,NaN,
1,R1,1,linear,1.80580383756933,NaN,0.106906376914692,0,NaN,NaN,
1,R1,2,linear,1.92135442365543,3.73250794760593,1.31218208769393,0,NaN,NaN,
1,R1,3,linear,2.07335461259936,4.03727116703195,2.01580592191021,0,NaN,NaN,
1,R1,4,linear,2.05451979728059,4.60000000000007,2.15476169173873,0,NaN,NaN,
1,R1,5,linear,1.99818682130535,4.31115473057226,2.18618321454317,0,NaN,NaN,
1,R1,6,linear,1.94185384550838,4.14469055313476,2.31785483059577,0,NaN,NaN,
1,R1,7,linear,2.32736606938488,4.50014719513234,2.27540485580693,0,NaN,NaN,
1,R1,8,linear,2.49482590119987,4.39854715634169,2.36028681512463,0,NaN,NaN,
1,R1,9,linear,2.47068716703143,4.36221864137907,2.48583793743858,0,NaN,NaN,
1,R1,10,linear,2.51937214596364,4.23774109398128,2.64281055353918,2,0.815897540756526,3.83951699290319,0.815897540756526;3.83951699290319
1,R1,11,linear,2.56805612507469,4.46514361538265,2.58040948349916,0,NaN,NaN,
1,R1,12,linear,2.61674020054033,4.71475413952096,2.54538585336772,0,NaN,NaN,
1,R1,13,linear,2.65352198008259,NaN,2.66567825455501,0,NaN,NaN,
1,R1,14,linear,2.6481049824024,4.51251007518856,2.65040300146573,1,0.735878931980845,0.735878931980845,0.735878931980845
1,R1,15,linear,2.64268898458067,5.31791619675441,2.67631140732734,0,NaN,NaN,
1,R1,16,linear,2.6321469490149,NaN,2.86685969231555,0,NaN,NaN,
1,R1,17,linear,2.61931972470575,NaN,2.8479554531889,0,NaN,NaN,
1,R1,18,linear,2.54961375484527,NaN,2.71452995379858,0,NaN,NaN,
1,R1,19,linear,2.47990778478106,NaN,2.61851330015456,0,NaN,NaN,
1,R1,20,linear,2.4102018147023,NaN,2.5867158929143,0,NaN,NaN,
1,R1,21,linear,2.28389332293227,NaN,2.4262279676519,0,NaN,NaN,
1,R1,1,power,1.80580383756933,NaN,0.106906376914692,0,NaN,NaN,
1,R1,2,power,1.92135442365543,3.73250794760593,1.31218208769393,0,NaN,NaN,
1,R1,3,power,2.07335461259936,4.03727116703195,2.01580592191021,0,NaN,NaN,
1,R1,4,power,2.05451979728059,4.60000000000007,2.15476169173873,0,NaN,NaN,
1,R1,5,power,1.99818682130535,4.31115473057226,2.18618321454317,0,NaN,NaN,
1,R1,6,power,1.94185384550838,4.14469055313476,2.31785483059577,0,NaN,NaN,
1,R1,7,power,2.32736606938488,4.50014719513234,2.27540485580693,0,NaN,NaN,
1,R1,8,power,2.49482590119987,4.39854715634169,2.36028681512463,0,NaN,NaN,
1,R1,9,power,2.47068716703143,4.36221864137907,2.48583793743858,0,NaN,NaN,
1,R1,10,power,2.51937214596364,4.23774109398128,2.64281055353918,2,0.80772570119598,2.58507881442625,0.80772570119598;2.58507881442625
1,R1,11,power,2.56805612507469,4.46514361538265,2.58040948349916,0,NaN,NaN,
1,R1,12,power,2.61674020054033,4.71475413952096,2.54538585336772,0,NaN,NaN,
1,R1,13,power,2.65352198008259,NaN,2.66567825455501,0,NaN,NaN,
1,R1,14,power,2.6481049824024,4.51251007518856,2.65040300146573,0,NaN,NaN,
1,R1,15,power,2.64268898458067,5.31791619675441,2.67631140732734,0,NaN,NaN,
1,R1,16,power,2.6321469490149,NaN,2.86685969231555,0,NaN,NaN,
1,R1,17,power,2.61931972470575,NaN,2.8479554531889,0,NaN,NaN,
1,R1,18,power,2.54961375484527,NaN,2.71452995379858,0,NaN,NaN,
1,R1,19,power,2.47990778478106,NaN,2.61851330015456,0,NaN,NaN,
1,R1,20,power,2.4102018147023,NaN,2.5867158929143,0,NaN,NaN,
1,R1,21,power,2.28389332293227,NaN,2.4262279676519,0,NaN,NaN,
2,R2,1,uniform,1.73906589100716,NaN,1.36302514477365,0,NaN,NaN,
2,R2,2,uniform,1.84474388653234,NaN,1.61866121160539,0,NaN,NaN,
2,R2,3,uniform,1.99674382123703,4.70000000000007,2.00364383499143,1,0.459438893739061,0.459438893739061,0.459438893739061
2,R2,4,uniform,1.98806661373055,4.35405393585043,2.20569495119565,1,0.622752440642117,0.622752440642117,0.622752440642117
2,R2,5,uniform,1.93173307542384,4.3933443516478,2.41076305879864,1,0.871488927955199,0.871488927955199,0.871488927955199
2,R2,6,uniform,1.87540009962686,4.12718990946617,2.43815554600267,1,1.05465705891365,1.05465705891365,1.05465705891365
2,R2,7,uniform,2.23464159986179,4.33954807981736,2.58876940750003,1,1.79846711206418,1.79846711206418,1.79846711206418
2,R2,8,uniform,2.42687544791443,4.76671622537419,2.53166524323586,1,0.984662299884282,0.984662299884282,0.984662299884282
2,R2,9,uniform,2.40125043674834,4.82347636452844,2.80457210906826,0,NaN,NaN,
2,R2,10,uniform,2.44779785550782,4.41126480641055,2.67771696082558,0,NaN,NaN,
2,R2,11,uniform,2.49648227213038,4.93391121548319,2.96139807705444,0,NaN,NaN,
2,R2,12,uniform,2.54516681367022,4.42668452298999,2.84303891295669,0,NaN,NaN,
2,R2,13,uniform,2.5845862484457,4.72591463444101,2.80820995267315,0,NaN,NaN,
2,R2,14,uniform,2.57916925076461,4.87040493454198,2.7539857719594,1,2.57316743041531,2.57316743041531,2.57316743041531
2,R2,15,uniform,2.57375269133809,4.92114265247875,2.76453928347782,1,2.32129420776786,2.32129420776786,2.32129420776786
2,R2,16,uniform,2.56351595070919,4.83843498274863,2.7848981780467,0,NaN,NaN,
2,R2,17,uniform,2.55184894275953,5.13532762476159,2.78578391533935,1,1.68203956860331,1.68203956860331,1.68203956860331
2,R2,18,uniform,2.48381187612449,5.2259621207823,2.98198387129453,0,NaN,NaN,
2,R2,19,uniform,2.4141059060621,5.44100964059523,3.06207518929021,0,NaN,NaN,
2,R2,20,uniform,2.34439993600063,5.12604817551772,2.89531474103552,0,NaN,NaN,
2,R2,21,uniform,2.22254296006759,5.61472409279057,2.82458515344706,1,1.36551795455056,1.36551795455056,1.36551795455056
2,R2,1,linear,1.73906589100716,NaN,1.36302514477365,0,NaN,NaN,
2,R2,2,linear,1.84474388653234,NaN,1.61866121160539,0,NaN,NaN,
2,R2,3,linear,1.99674382123703,4.70000000000007,2.00364383499143,0,NaN,NaN,
2,R2,4,linear,1.98806661373055,4.35405393585043,2.20569495119565,0,NaN,NaN,
2,R2,5,linear,1.93173307542384,4.3933443516478,2.41076305879864,0,NaN,NaN,
2,R2,6,linear,1.87540009962686,4.12718990946617,2.43815554600267,0,NaN,NaN,
2,R2,7,linear,2.23464159986179,4.33954807981736,2.58876940750003,1,0.693990320372194,0.693990320372194,0.693990320372194
2,R2,8,linear,2.42687544791443,4.76671622537419,2.53166524323586,0,NaN,NaN,
2,R2,9,linear,2.40125043674834,4.82347636452844,2.80457210906826,1,0.896120110606167,0.896120110606167,0.896120110606167
2,R2,10,linear,2.44779785550782,4.41126480641055,2.67771696082558,1,0.811117041767779,0.811117041767779,0.811117041767779
2,R2,11,linear,2.49648227213038,4.93391121548319,2.96139807705444,0,NaN,NaN,
2,R2,12,linear,2.54516681367022,4.42668452298999,2.84303891295669,0,NaN,NaN,
2,R2,13,linear,2.5845862484457,4.72591463444101,2.80820995267315,2,0.952611690290737,3.49755506342132,0.952611690290737;3.49755506342132
2,R2,14,linear,2.57916925076461,4.87040493454198,2.7539857719594,1,0.794942595309587,0.794942595309587,0.794942595309587
2,R2,15,linear,2.57375269133809,4.92114265247875,2.76453928347782,1,0.797839255510826,0.797839255510826,0.797839255510826
2,R2,16,linear,2.56351595070919,4.83843498274863,2.7848981780467,1,0.853147035234212,0.853147035234212,0.853147035234212
2,R2,17,linear,2.55184894275953,5.13532762476159,2.78578391533935,0,NaN,NaN,
2,R2,18,linear,2.48381187612449,5.2259621207823,2.98198387129453,2,1.14877481542548,2.9708778713045,1.14877481542548;2.9708778713045
2,R2,19,linear,2.4141059060621,5.44100964059523,3.06207518929021,2,1.28696603413113,2.63715637683446,1.28696603413113;2.63715637683446
2,R2,20,linear,2.34439993600063,5.12604817551772,2.89531474103552,1,0.961200093440198,0.961200093440198,0.961200093440198
2,R2,21,linear,2.22254296006759,5.61472409279057,2.82458515344706,0,NaN,NaN,
2,R2,1,power,1.73906589100716,NaN,1.36302514477365,0,NaN,NaN,
2,R2,2,power,1.84474388653234,NaN,1.61866121160539,0,NaN,NaN,
2,R2,3,power,1.99674382123703,4.70000000000007,2.00364383499143,0,NaN,NaN,
2,R2,4,power,1.98806661373055,4.35405393585043,2.20569495119565,0,NaN,NaN,
2,R2,5,power,1.93173307542384,4.3933443516478,2.41076305879864,0,NaN,NaN,
2,R2,6,power,1.87540009962686,4.12718990946617,2.43815554600267,0,NaN,NaN,
2,R2,7,power,2.23464159986179,4.33954807981736,2.58876940750003,0,NaN,NaN,
2,R2,8,power,2.42687544791443,4.76671622537419,2.53166524323586,0,NaN,NaN,
2,R2,9,power,2.40125043674834,4.82347636452844,2.80457210906826,2,0.879194959102118,3.55754820104333,0.879194959102118;3.55754820104333
2,R2,10,power,2.44779785550782,4.41126480641055,2.67771696082558,2,0.794005734612904,3.48068361669898,0.794005734612904;3.48068361669898
2,R2,11,power,2.49648227213038,4.93391121548319,2.96139807705444,0,NaN,NaN,
2,R2,12,power,2.54516681367022,4.42668452298999,2.84303891295669,0,NaN,NaN,
2,R2,13,power,2.5845862484457,4.72591463444101,2.80820995267315,2,0.957345204175469,2.39735139950816,0.957345204175469;2.39735139950816
2,R2,14,power,2.57916925076461,4.87040493454198,2.7539857719594,0,NaN,NaN,
2,R2,15,power,2.57375269133809,4.92114265247875,2.76453928347782,0,NaN,NaN,
2,R2,16,power,2.56351595070919,4.83843498274863,2.7848981780467,1,0.828482235315641,0.828482235315641,0.828482235315641
2,R2,17,power,2.55184894275953,5.13532762476159,2.78578391533935,0,NaN,NaN,
2,R2,18,power,2.48381187612449,5.2259621207823,2.98198387129453,2,1.21522971163787,2.01028953255519,1.21522971163787;2.01028953255519
2,R2,19,power,2.4141059060621,5.44100964059523,3.06207518929021,0,NaN,NaN,
2,R2,20,power,2.34439993600063,5.12604817551772,2.89531474103552,2,0.945064349549379,3.5784610759373,0.945064349549379;3.5784610759373
2,R2,21,power,2.22254296006759,5.61472409279057,2.82458515344706,0,NaN,NaN,
3,R3,1,uniform,1.75470855865478,NaN,0.240009577506006,0,NaN,NaN,
3,R3,2,uniform,1.70420858034595,NaN,1.73897174876996,0,NaN,NaN,
3,R3,3,uniform,1.713076781989,NaN,1.88204402537581,0,NaN,NaN,
3,R3,4,uniform,1.86507671669824,3.83049024693188,1.94355073755043,1,0.453613403801892,0.453613403801892,0.453613403801892
3,R3,5,uniform,1.95599812844193,3.5899693409227,1.89879898903027,1,0.436318130311873,0.436318130311873,0.436318130311873
3,R3,6,uniform,1.89966449379062,4.34122688919108,1.94573503080869,1,0.435779578942437,0.435779578942437,0.435779578942437
3,R3,7,uniform,1.84333151799365,4.40135822925919,2.00763849700636,1,0.470984271831008,0.470984271831008,0.470984271831008
3,R3,8,uniform,1.94497133611549,4.13085597779526,2.02253623692571,1,0.492084545855739,0.492084545855739,0.492084545855739
3,R3,9,uniform,2.3801260176715,3.81443527884881,2.14755903976089,1,0.62603387077597,0.62603387077597,0.62603387077597
3,R3,10,uniform,2.35450101139031,3.82995585613228,2.29420502559693,1,0.839091384774318,0.839091384774318,0.839091384774318
3,R3,11,uniform,2.36552369624678,3.80640696335729,2.32761435247141,1,0.931108815118291,0.931108815118291,0.931108815118291
3,R3,12,uniform,2.414207675326,3.81419195990903,2.62223699718361,0,NaN,NaN,
3,R3,13,uniform,2.46289165440703,3.79809954652907,2.64453626469865,0,NaN,NaN,
3,R3,14,uniform,2.51157607089681,3.55958092325878,2.52002005267792,0,NaN,NaN,
3,R3,15,uniform,2.52275884598657,5.80528168648854,2.70622574806907,1,1.03595807923562,1.03595807923562,1.03595807923562
3,R3,16,uniform,2.51734218949332,5.3256590576303,2.73391098181535,1,1.24289073796678,1.24289073796678,1.24289073796678
3,R3,17,uniform,2.51009350181175,NaN,2.77879019963899,0,NaN,NaN,
3,R3,18,uniform,2.49842649164475,NaN,2.4816779111552,0,NaN,NaN,
3,R3,19,uniform,2.4581365681388,NaN,2.79868640147171,0,NaN,NaN,
3,R3,20,uniform,2.38843059807914,3.72481870942972,2.39160095136535,1,1.41957589033241,1.41957589033241,1.41957589033241
3,R3,21,uniform,2.31872462801584,4.52284552216359,2.26063514809263,1,0.658902222056401,0.658902222056401,0.658902222056401
3,R3,1,linear,1.75470855865478,NaN,0.240009577506006,0,NaN,NaN,
3,R3,2,linear,1.70420858034595,NaN,1.73897174876996,0,NaN,NaN,
3,R3,3,linear,1.713076781989,NaN,1.88204402537581,0,NaN,NaN,
3,R3,4,linear,1.86507671669824,3.83049024693188,1.94355073755043,0,NaN,NaN,
3,R3,5,linear,1.95599812844193,3.5899693409227,1.89879898903027,0,NaN,NaN,
3,R3,6,linear,1.89966449379062,4.34122688919108,1.94573503080869,0,NaN,NaN,
3,R3,7,linear,1.84333151799365,4.40135822925919,2.00763849700636,0,NaN,NaN,
3,R3,8,linear,1.94497133611549,4.13085597779526,2.02253623692571,0,NaN,NaN,
3,R3,9,linear,2.3801260176715,3.81443527884881,2.14755903976089,0,NaN,NaN,
3,R3,10,linear,2.35450101139031,3.82995585613228,2.29420502559693,0,NaN,NaN,
3,R3,11,linear,2.36552369624678,3.80640696335729,2.32761435247141,0,NaN,NaN,
3,R3,12,linear,2.414207675326,3.81419195990903,2.62223699718361,0,NaN,NaN,
3,R3,13,linear,2.46289165440703,3.79809954652907,2.64453626469865,0,NaN,NaN,
3,R3,14,linear,2.51157607089681,3.55958092325878,2.52002005267792,0,NaN,NaN,
3,R3,15,linear,2.52275884598657,5.80528168648854,2.70622574806907,0,NaN,NaN,
3,R3,16,linear,2.51734218949332,5.3256590576303,2.73391098181535,0,NaN,NaN,
3,R3,17,linear,2.51009350181175,NaN,2.77879019963899,0,NaN,NaN,
3,R3,18,linear,2.49842649164475,NaN,2.4816779111552,0,NaN,NaN,
3,R3,19,linear,2.4581365681388,NaN,2.79868640147171,0,NaN,NaN,
3,R3,20,linear,2.38843059807914,3.72481870942972,2.39160095136535,1,0.587639320225002,0.587639320225002,0.587639320225002
3,R3,21,linear,2.31872462801584,4.52284552216359,2.26063514809263,0,NaN,NaN,
3,R3,1,power,1.75470855865478,NaN,0.240009577506006,0,NaN,NaN,
3,R3,2,power,1.70420858034595,NaN,1.73897174876996,0,NaN,NaN,
3,R3,3,power,1.713076781989,NaN,1.88204402537581,0,NaN,NaN,
3,R3,4,power,1.86507671669824,3.83049024693188,1.94355073755043,0,NaN,NaN,
3,R3,5,power,1.95599812844193,3.5899693409227,1.89879898903027,0,NaN,NaN,
3,R3,6,power,1.89966449379062,4.34122688919108,1.94573503080869,0,NaN,NaN,
3,R3,7,power,1.84333151799365,4.40135822925919,2.00763849700636,0,NaN,NaN,
3,R3,8,power,1.94497133611549,4.13085597779526,2.02253623692571,0,NaN,NaN,
3,R3,9,power,2.3801260176715,3.81443527884881,2.14755903976089,0,NaN,NaN,
3,R3,10,power,2.35450101139031,3.82995585613228,2.29420502559693,0,NaN,NaN,
3,R3,11,power,2.36552369624678,3.80640696335729,2.32761435247141,0,NaN,NaN,
3,R3,12,power,2.414207675326,3.81419195990903,2.62223699718361,0,NaN,NaN,
3,R3,13,power,2.46289165440703,3.79809954652907,2.64453626469865,0,NaN,NaN,
3,R3,14,power,2.51157607089681,3.55958092325878,2.52002005267792,0,NaN,NaN,
3,R3,15,power,2.52275884598657,5.80528168648854,2.70622574806907,0,NaN,NaN,
3,R3,16,power,2.51734218949332,5.3256590576303,2.73391098181535,0,NaN,NaN,
3,R3,17,power,2.51009350181175,NaN,2.77879019963899,0,NaN,NaN,
3,R3,18,power,2.49842649164475,NaN,2.4816779111552,0,NaN,NaN,
3,R3,19,power,2.4581365681388,NaN,2.79868640147171,0,NaN,NaN,
3,R3,20,power,2.38843059807914,3.72481870942972,2.39160095136535,0,NaN,NaN,
3,R3,21,power,2.31872462801584,4.52284552216359,2.26063514809263,0,NaN,NaN,
4,R4,1,uniform,1.57681150426561,NaN,1.07823832407195,0,NaN,NaN,
4,R4,2,uniform,1.60785476345791,3.4099527331522,1.35661589860069,1,0.195656800752058,0.195656800752058,0.195656800752058
4,R4,3,uniform,1.7598546981626,NaN,1.41708228171936,0,NaN,NaN,
4,R4,4,uniform,1.82796201493147,4.62229128295024,1.87867528231462,1,0.393435017231607,0.393435017231607,0.393435017231607
4,R4,5,uniform,1.77162889011106,NaN,1.9897415935429,0,NaN,NaN,
4,R4,6,uniform,1.71529581786035,3.78978469356428,2.13209070255734,1,0.612829847686003,0.612829847686003,0.612829847686003
4,R4,7,uniform,1.87594129821446,NaN,2.11113541092739,0,NaN,NaN,
4,R4,8,uniform,2.2554532053191,NaN,2.1493190125486,0,NaN,NaN,
4,R4,9,uniform,2.22982820953712,4.72467997891833,2.2646476230536,1,0.645197401489546,0.645197401489546,0.645197401489546
4,R4,10,uniform,2.24898765763828,NaN,2.48036063099237,0,NaN,NaN,
4,R4,11,uniform,2.29767163671841,NaN,2.54909973892396,0,NaN,NaN,
4,R4,12,uniform,2.34635648169569,2.92465691618352,2.49353107228576,0,NaN,NaN,
4,R4,13,uniform,2.39504046080037,2.68855503842719,2.41364866425836,0,NaN,NaN,
4,R4,14,uniform,2.40029851089821,3.28452344251353,2.34760050998882,0,NaN,NaN,
4,R4,15,uniform,2.39488237908154,3.42203859162949,2.5477623428444,0,NaN,NaN,
4,R4,16,uniform,2.38694875111378,3.09819836810596,2.44598535423626,0,NaN,NaN,
4,R4,17,uniform,2.37528175611715,3.06526953688571,2.46698505778519,0,NaN,NaN,
4,R4,18,uniform,2.32863608739171,2.876018900698,2.53011445396506,0,NaN,NaN,
4,R4,19,uniform,2.25892999802363,2.98022584431102,2.50702065821032,0,NaN,NaN,
4,R4,20,uniform,2.18922402796306,3.00360336251917,2.3751610193121,0,NaN,NaN,
4,R4,21,uniform,2.10101518253487,3.5106995286046,2.40630671792236,0,NaN,NaN,
4,R4,1,linear,1.57681150426561,NaN,1.07823832407195,0,NaN,NaN,
4,R4,2,linear,1.60785476345791,3.4099527331522,1.35661589860069,0,NaN,NaN,
4,R4,3,linear,1.7598546981626,NaN,1.41708228171936,0,NaN,NaN,
4,R4,4,linear,1.82796201493147,4.62229128295024,1.87867528231462,0,NaN,NaN,
4,R4,5,linear,1.77162889011106,NaN,1.9897415935429,0,NaN,NaN,
4,R4,6,linear,1.71529581786035,3.78978469356428,2.13209070255734,0,NaN,NaN,
4,R4,7,linear,1.87594129821446,NaN,2.11113541092739,0,NaN,NaN,
4,R4,8,linear,2.2554532053191,NaN,2.1493190125486,0,NaN,NaN,
4,R4,9,linear,2.22982820953712,4.72467997891833,2.2646476230536,0,NaN,NaN,
4,R4,10,linear,2.24898765763828,NaN,2.48036063099237,0,NaN,NaN,
4,R4,11,linear,2.29767163671841,NaN,2.54909973892396,0,NaN,NaN,
4,R4,12,linear,2.34635648169569,2.92465691618352,2.49353107228576,0,NaN,NaN,
4,R4,13,linear,2.39504046080037,2.68855503842719,2.41364866425836,0,NaN,NaN,
4,R4,14,linear,2.40029851089821,3.28452344251353,2.34760050998882,2,0.677040447728178,2.24502899224351,0.677040447728178;2.24502899224351
4,R4,15,linear,2.39488237908154,3.42203859162949,2.5477623428444,0,NaN,NaN,
4,R4,16,linear,2.38694875111378,3.09819836810596,2.44598535423626,0,NaN,NaN,
4,R4,17,linear,2.37528175611715,3.06526953688571,2.46698505778519,0,NaN,NaN,
4,R4,18,linear,2.32863608739171,2.876018900698,2.53011445396506,0,NaN,NaN,
4,R4,19,linear,2.25892999802363,2.98022584431102,2.50702065821032,0,NaN,NaN,
4,R4,20,linear,2.18922402796306,3.00360336251917,2.3751610193121,0,NaN,NaN,
4,R4,21,linear,2.10101518253487,3.5106995286046,2.40630671792236,2,0.677620332470386,3.14062181652905,0.677620332470386;3.14062181652905
4,R4,1,power,1.57681150426561,NaN,1.07823832407195,0,NaN,NaN,
4,R4,2,power,1.60785476345791,3.4099527331522,1.35661589860069,0,NaN,NaN,
4,R4,3,power,1.7598546981626,NaN,1.41708228171936,0,NaN,NaN,
4,R4,4,power,1.82796201493147,4.62229128295024,1.87867528231462,0,NaN,NaN,
4,R4,5,power,1.77162889011106,NaN,1.9897415935429,0,NaN,NaN,
4,R4,6,power,1.71529581786035,3.78978469356428,2.13209070255734,0,NaN,NaN,
4,R4,7,power,1.87594129821446,NaN,2.11113541092739,0,NaN,NaN,
4,R4,8,power,2.2554532053191,NaN,2.1493190125486,0,NaN,NaN,
4,R4,9,power,2.22982820953712,4.72467997891833,2.2646476230536,0,NaN,NaN,
4,R4,10,power,2.24898765763828,NaN,2.48036063099237,0,NaN,NaN,
4,R4,11,power,2.29767163671841,NaN,2.54909973892396,0,NaN,NaN,
4,R4,12,power,2.34635648169569,2.92465691618352,2.49353107228576,0,NaN,NaN,
4,R4,13,power,2.39504046080037,2.68855503842719,2.41364866425836,0,NaN,NaN,
4,R4,14,power,2.40029851089821,3.28452344251353,2.34760050998882,2,0.686849165092074,1.54345221813499,0.686849165092074;1.54345221813499
4,R4,15,power,2.39488237908154,3.42203859162949,2.5477623428444,0,NaN,NaN,
4,R4,16,power,2.38694875111378,3.09819836810596,2.44598535423626,0,NaN,NaN,
4,R4,17,power,2.37528175611715,3.06526953688571,2.46698505778519,0,NaN,NaN,
4,R4,18,power,2.32863608739171,2.876018900698,2.53011445396506,0,NaN,NaN,
4,R4,19,power,2.25892999802363,2.98022584431102,2.50702065821032,0,NaN,NaN,
4,R4,20,power,2.18922402796306,3.00360336251917,2.3751610193121,0,NaN,NaN,
4,R4,21,power,2.10101518253487,3.5106995286046,2.40630671792236,2,0.671284518542368,2.1174402708388,0.671284518542368;2.1174402708388
5,R5,1,uniform,1.52250390872359,NaN,0.624837624806102,0,NaN,NaN,
5,R5,2,uniform,1.53419777380714,NaN,1.56110305850425,0,NaN,NaN,
5,R5,3,uniform,1.68619781563757,3.74253100363458,1.56653275434209,1,0.26664055252104,0.26664055252104,0.26664055252104
5,R5,4,uniform,1.77421216742277,NaN,1.78614937743216,0,NaN,NaN,
5,R5,5,uniform,1.71787854815648,NaN,1.8817020564275,0,NaN,NaN,
5,R5,6,uniform,1.66154521583121,3.48279888728093,2.08677717018377,1,0.610199484532716,0.610199484532716,0.610199484532716
5,R5,7,uniform,1.77070409198859,3.7383691075253,2.15097598588866,1,0.641725318407377,0.641725318407377,0.641725318407377
5,R5,8,uniform,2.19876843944803,3.62223398174553,2.26994422490364,1,0.884239479569045,0.884239479569045,0.884239479569045
5,R5,9,uniform,2.1731434504436,3.95355554167957,2.2339206425839,1,0.706309445719699,0.706309445719699,0.706309445719699
5,R5,10,uniform,2.18520289456774,4.21299425162799,2.32539971359243,1,0.779923901401127,0.779923901401127,0.779923901401127
5,R5,11,uniform,2.23388723016888,4.48578972464875,2.1861040068803,1,0.595059216299177,0.595059216299177,0.595059216299177
5,R5,12,uniform,2.28257124356969,4.50369931070567,2.18366608557733,1,0.591785121966286,0.591785121966286,0.591785121966286
5,R5,13,uniform,2.33125527932316,4.86966747429999,2.2589872882379,1,0.630002002893777,0.630002002893777,0.630002002893777
5,R5,14,uniform,2.34168349496031,5.02983399342001,2.25934098039052,1,0.620633273589977,0.620633273589977,0.620633273589977
5,R5,15,uniform,2.33626649728103,5.41755864506463,2.13855605771321,1,0.52175580099597,0.52175580099597,0.52175580099597
5,R5,16,uniform,2.32893058246736,5.554291216315,2.22841775242438,1,0.575843372721258,0.575843372721258,0.575843372721258
5,R5,17,uniform,2.31726392092787,4.92178318691033,2.19871818900508,1,0.579607621417951,0.579607621417951,0.579607621417951
5,R5,18,uniform,2.27616398176087,4.2583046180379,1.93543341565877,1,0.432252354581091,0.432252354581091,0.432252354581091
5,R5,19,uniform,2.20645801170031,4.19183232201069,2.34818285388119,1,0.820381930317714,0.820381930317714,0.820381930317714
5,R5,20,uniform,2.13675204163701,3.95841990821348,1.98580038834834,1,0.475560714737539,0.475560714737539,0.475560714737539
5,R5,21,uniform,2.05726603179028,4.41849835910066,2.13430551435226,1,0.557903836973378,0.557903836973378,0.557903836973378
5,R5,1,linear,1.52250390872359,NaN,0.624837624806102,0,NaN,NaN,
5,R5,2,linear,1.53419777380714,NaN,1.56110305850425,0,NaN,NaN,
5,R5,3,linear,1.68619781563757,3.74253100363458,1.56653275434209,0,NaN,NaN,
5,R5,4,linear,1.77421216742277,NaN,1.78614937743216,0,NaN,NaN,
5,R5,5,linear,1.71787854815648,NaN,1.8817020564275,0,NaN,NaN,
5,R5,6,linear,1.66154521583121,3.48279888728093,2.08677717018377,0,NaN,NaN,
5,R5,7,linear,1.77070409198859,3.7383691075253,2.15097598588866,0,NaN,NaN,
5,R5,8,linear,2.19876843944803,3.62223398174553,2.26994422490364,0,NaN,NaN,
5,R5,9,linear,2.1731434504436,3.95355554167957,2.2339206425839,0,NaN,NaN,
5,R5,10,linear,2.18520289456774,4.21299425162799,2.32539971359243,0,NaN,NaN,
5,R5,11,linear,2.23388723016888,4.48578972464875,2.1861040068803,0,NaN,NaN,
5,R5,12,linear,2.28257124356969,4.50369931070567,2.18366608557733,0,NaN,NaN,
5,R5,13,linear,2.33125527932316,4.86966747429999,2.2589872882379,0,NaN,NaN,
5,R5,14,linear,2.34168349496031,5.02983399342001,2.25934098039052,0,NaN,NaN,
5,R5,15,linear,2.33626649728103,5.41755864506463,2.13855605771321,0,NaN,NaN,
5,R5,16,linear,2.32893058246736,5.554291216315,2.22841775242438,0,NaN,NaN,
5,R5,17,linear,2.31726392092787,4.92178318691033,2.19871818900508,0,NaN,NaN,
5,R5,18,linear,2.27616398176087,4.2583046180379,1.93543341565877,0,NaN,NaN,
5,R5,19,linear,2.20645801170031,4.19183232201069,2.34818285388119,0,NaN,NaN,
5,R5,20,linear,2.13675204163701,3.95841990821348,1.98580038834834,0,NaN,NaN,
5,R5,21,linear,2.05726603179028,4.41849835910066,2.13430551435226,0,NaN,NaN,
5,R5,1,power,1.52250390872359,NaN,0.624837624806102,0,NaN,NaN,
5,R5,2,power,1.53419777380714,NaN,1.56110305850425,0,NaN,NaN,
5,R5,3,power,1.68619781563757,3.74253100363458,1.56653275434209,0,NaN,NaN,
5,R5,4,power,1.77421216742277,NaN,1.78614937743216,0,NaN,NaN,
5,R5,5,power,1.71787854815648,NaN,1.8817020564275,0,NaN,NaN,
5,R5,6,power,1.66154521583121,3.48279888728093,2.08677717018377,0,NaN,NaN,
5,R5,7,power,1.77070409198859,3.7383691075253,2.15097598588866,0,NaN,NaN,
5,R5,8,power,2.19876843944803,3.62223398174553,2.26994422490364,0,NaN,NaN,
5,R5,9,power,2.1731434504436,3.95355554167957,2.2339206425839,0,NaN,NaN,
5,R5,10,power,2.18520289456774,4.21299425162799,2.32539971359243,0,NaN,NaN,
5,R5,11,power,2.23388723016888,4.48578972464875,2.1861040068803,0,NaN,NaN,
5,R5,12,power,2.28257124356969,4.50369931070567,2.18366608557733,0,NaN,NaN,
5,R5,13,power,2.33125527932316,4.86966747429999,2.2589872882379,0,NaN,NaN,
5,R5,14,power,2.34168349496031,5.02983399342001,2.25934098039052,0,NaN,NaN,
5,R5,15,power,2.33626649728103,5.41755864506463,2.13855605771321,0,NaN,NaN,
5,R5,16,power,2.32893058246736,5.554291216315,2.22841775242438,0,NaN,NaN,
5,R5,17,power,2.31726392092787,4.92178318691033,2.19871818900508,0,NaN,NaN,
5,R5,18,power,2.27616398176087,4.2583046180379,1.93543341565877,0,NaN,NaN,
5,R5,19,power,2.20645801170031,4.19183232201069,2.34818285388119,0,NaN,NaN,
5,R5,20,power,2.13675204163701,3.95841990821348,1.98580038834834,0,NaN,NaN,
5,R5,21,power,2.05726603179028,4.41849835910066,2.13430551435226,0,NaN,NaN,
6,R6,1,uniform,1.43336051966799,NaN,0.624729634696671,0,NaN,NaN,
6,R6,2,uniform,1.40633229421564,NaN,1.48759485711798,0,NaN,NaN,
6,R6,3,uniform,1.55833222892579,2.90444911166386,1.62418502680679,1,0.307417958009224,0.307417958009224,0.307417958009224
6,R6,4,uniform,1.68618423638509,3.15779836782784,1.76160369373005,1,0.372116713852243,0.372116713852243,0.372116713852243
6,R6,5,uniform,1.62985044228844,3.20464481005733,1.85946594833292,1,0.433488342270276,0.433488342270276,0.433488342270276
6,R6,6,uniform,1.57351746649147,3.36776051503356,1.84631947469482,1,0.413976614125371,0.413976614125371,0.413976614125371
6,R6,7,uniform,1.57964041065497,3.08487979356115,1.99282546736981,1,0.574809228688458,0.574809228688458,0.574809228688458
6,R6,8,uniform,2.06214020341758,3.20531816762057,2.01198577851353,1,0.573268911168349,0.573268911168349,0.573268911168349
6,R6,9,uniform,2.07924368410568,3.28971085400855,2.06257053914956,1,0.619128226734853,0.619128226734853,0.619128226734853
6,R6,10,uniform,2.07709383392557,3.18372269912856,2.09459236020782,1,0.702989353697641,0.702989353697641,0.702989353697641
6,R6,11,uniform,2.1257778130057,3.11268495760921,2.09492580996473,1,0.737339367550676,0.737339367550676,0.737339367550676
6,R6,12,uniform,2.17446178905902,3.29250326174596,2.26384636512095,1,1.69763209859195,1.69763209859195,1.69763209859195
6,R6,13,uniform,2.22314604919757,3.1896950931696,2.30800807945912,0,NaN,NaN,
6,R6,14,uniform,2.24391908306279,3.6124685408489,2.2251285306231,1,0.785486771590557,0.785486771590557,0.785486771590557
6,R6,15,uniform,2.23850228987703,2.81088051154886,2.20296631111387,0,NaN,NaN,
6,R6,16,uniform,2.23236165217168,2.79623874543531,2.19603112647031,0,NaN,NaN,
6,R6,17,uniform,2.22069465717595,2.67936358550865,2.27598180474127,0,NaN,NaN,
6,R6,18,uniform,2.19069301706804,2.80715656317589,2.35184857262069,0,NaN,NaN,
6,R6,19,uniform,2.12098704700657,2.85048634915564,2.23223107268599,0,NaN,NaN,
6,R6,20,uniform,2.05128109379257,2.9961022125341,2.29158784397211,0,NaN,NaN,
6,R6,21,uniform,1.98157512373291,2.80196560742168,2.12381394867017,0,NaN,NaN,
6,R6,1,linear,1.43336051966799,NaN,0.624729634696671,0,NaN,NaN,
6,R6,2,linear,1.40633229421564,NaN,1.48759485711798,0,NaN,NaN,
6,R6,3,linear,1.55833222892579,2.90444911166386,1.62418502680679,0,NaN,NaN,
6,R6,4,linear,1.68618423638509,3.15779836782784,1.76160369373005,0,NaN,NaN,
6,R6,5,linear,1.62985044228844,3.20464481005733,1.85946594833292,0,NaN,NaN,
6,R6,6,linear,1.57351746649147,3.36776051503356,1.84631947469482,0,NaN,NaN,
6,R6,7,linear,1.57964041065497,3.08487979356115,1.99282546736981,0,NaN,NaN,
6,R6,8,linear,2.06214020341758,3.20531816762057,2.01198577851353,0,NaN,NaN,
6,R6,9,linear,2.07924368410568,3.28971085400855,2.06257053914956,0,NaN,NaN,
6,R6,10,linear,2.07709383392557,3.18372269912856,2.09459236020782,0,NaN,NaN,
6,R6,11,linear,2.1257778130057,3.11268495760921,2.09492580996473,0,NaN,NaN,
6,R6,12,linear,2.17446178905902,3.29250326174596,2.26384636512095,1,0.536779445428519,0.536779445428519,0.536779445428519
6,R6,13,linear,2.22314604919757,3.1896950931696,2.30800807945912,2,0.644978479618484,2.33295456840529,0.644978479618484;2.33295456840529
6,R6,14,linear,2.24391908306279,3.6124685408489,2.2251285306231,0,NaN,NaN,
6,R6,15,linear,2.23850228987703,2.81088051154886,2.20296631111387,2,0.673382736079642,1.33003147937468,0.673382736079642;1.33003147937468
6,R6,16,linear,2.23236165217168,2.79623874543531,2.19603112647031,2,0.664867770950746,1.34178614667876,0.664867770950746;1.34178614667876
6,R6,17,linear,2.22069465717595,2.67936358550865,2.27598180474127,0,NaN,NaN,
6,R6,18,linear,2.19069301706804,2.80715656317589,2.35184857262069,0,NaN,NaN,
6,R6,19,linear,2.12098704700657,2.85048634915564,2.23223107268599,2,0.764366302859271,1.12589502271351,0.764366302859271;1.12589502271351
6,R6,20,linear,2.05128109379257,2.9961022125341,2.29158784397211,2,0.834994992983776,1.12375551088015,0.834994992983776;1.12375551088015
6,R6,21,linear,1.98157512373291,2.80196560742168,2.12381394867017,2,0.500231409772448,4.4473783087408,0.500231409772448;4.4473783087408
6,R6,1,power,1.43336051966799,NaN,0.624729634696671,0,NaN,NaN,
6,R6,2,power,1.40633229421564,NaN,1.48759485711798,0,NaN,NaN,
6,R6,3,power,1.55833222892579,2.90444911166386,1.62418502680679,0,NaN,NaN,
6,R6,4,power,1.68618423638509,3.15779836782784,1.76160369373005,0,NaN,NaN,
6,R6,5,power,1.62985044228844,3.20464481005733,1.85946594833292,0,NaN,NaN,
6,R6,6,power,1.57351746649147,3.36776051503356,1.84631947469482,0,NaN,NaN,
6,R6,7,power,1.57964041065497,3.08487979356115,1.99282546736981,0,NaN,NaN,
6,R6,8,power,2.06214020341758,3.20531816762057,2.01198577851353,0,NaN,NaN,
6,R6,9,power,2.07924368410568,3.28971085400855,2.06257053914956,0,NaN,NaN,
6,R6,10,power,2.07709383392557,3.18372269912856,2.09459236020782,0,NaN,NaN,
6,R6,11,power,2.1257778130057,3.11268495760921,2.09492580996473,0,NaN,NaN,
6,R6,12,power,2.17446178905902,3.29250326174596,2.26384636512095,0,NaN,NaN,
6,R6,13,power,2.22314604919757,3.1896950931696,2.30800807945912,2,0.648975015056169,1.60014396608903,0.648975015056169;1.60014396608903
6,R6,14,power,2.24391908306279,3.6124685408489,2.2251285306231,0,NaN,NaN,
6,R6,15,power,2.23850228987703,2.81088051154886,2.20296631111387,0,NaN,NaN,
6,R6,16,power,2.23236165217168,2.79623874543531,2.19603112647031,0,NaN,NaN,
6,R6,17,power,2.22069465717595,2.67936358550865,2.27598180474127,0,NaN,NaN,
6,R6,18,power,2.19069301706804,2.80715656317589,2.35184857262069,0,NaN,NaN,
6,R6,19,power,2.12098704700657,2.85048634915564,2.23223107268599,0,NaN,NaN,
6,R6,20,power,2.05128109379257,2.9961022125341,2.29158784397211,0,NaN,NaN,
6,R6,21,power,1.98157512373291,2.80196560742168,2.12381394867017,2,0.486817214924108,2.82317519328846,0.486817214924108;2.82317519328846
7,R7,1,uniform,1.2828291201813,NaN,0.534084733819012,0,NaN,NaN,
7,R7,2,uniform,1.40148647677688,NaN,1.60882298230609,0,NaN,NaN,
7,R7,3,uniform,1.55348647066057,NaN,1.69180406744835,0,NaN,NaN,
7,R7,4,uniform,1.53145608932755,3.0867655273103,1.70407255282161,1,0.342448222222868,0.342448222222868,0.342448222222868
7,R7,5,uniform,1.47512234629266,3.08303279559798,1.76621762974715,1,0.378769309757997,0.378769309757997,0.378769309757997
7,R7,6,uniform,1.41878937049569,3.05784061974365,1.81912076367968,1,0.415579806872282,0.415579806872282,0.415579806872282
7,R7,7,uniform,1.81256818461497,3.11366388810866,1.88705846656747,1,0.462878512326412,0.462878512326412,0.462878512326412
7,R7,8,uniform,1.97223316721011,3.13204307018311,1.94235010587671,1,0.510427266182756,0.510427266182756,0.510427266182756
7,R7,9,uniform,1.94923428208222,3.03153739767188,2.15350722955603,1,1.10582051532355,1.10582051532355,1.10582051532355
7,R7,10,uniform,1.99791849395478,2.99161334962942,2.08397327410293,1,0.788796762089288,0.788796762089288,0.788796762089288
7,R7,11,uniform,2.0466025354981,3.13551167074559,1.93228907537145,1,0.500306799947614,0.500306799947614,0.500306799947614
7,R7,12,uniform,2.0952873042379,3.11577271061707,2.18594207562052,1,1.16880089180152,1.16880089180152,1.16880089180152
7,R7,13,uniform,2.13123913901563,3.32852221763777,2.03402931875469,1,0.576286763770195,0.576286763770195,0.576286763770195
7,R7,14,uniform,2.12582214133454,3.37443056013188,2.11566117528446,1,0.673759784127388,0.673759784127388,0.673759784127388
7,R7,15,uniform,2.1204053764659,3.15062160006469,1.91291493063043,1,0.480914854400342,0.480914854400342,0.480914854400342
7,R7,16,uniform,2.10976822708199,2.94857268558709,1.97207375379302,1,0.580756420352039,0.580756420352039,0.580756420352039
7,R7,17,uniform,2.09604969425527,2.83617644511274,1.9480540543206,1,0.578594107275699,0.578594107275699,0.578594107275699
7,R7,18,uniform,2.0263444914408,2.83828976042338,1.93614401488668,1,0.560830665900752,0.560830665900752,0.560830665900752
7,R7,19,uniform,1.9566385213775,3.1148920140741,2.03706741000785,1,0.628564552788975,0.628564552788975,0.628564552788975
7,R7,20,uniform,1.88693244560636,3.00327739431807,2.08549391415741,1,0.784029769331055,0.784029769331055,0.784029769331055
7,R7,21,uniform,1.75922343185539,3.1304502386924,2.1303346594612,1,0.820815843594363,0.820815843594363,0.820815843594363
7,R7,1,linear,1.2828291201813,NaN,0.534084733819012,0,NaN,NaN,
7,R7,2,linear,1.40148647677688,NaN,1.60882298230609,0,NaN,NaN,
7,R7,3,linear,1.55348647066057,NaN,1.69180406744835,0,NaN,NaN,
7,R7,4,linear,1.53145608932755,3.0867655273103,1.70407255282161,0,NaN,NaN,
7,R7,5,linear,1.47512234629266,3.08303279559798,1.76621762974715,0,NaN,NaN,
7,R7,6,linear,1.41878937049569,3.05784061974365,1.81912076367968,0,NaN,NaN,
7,R7,7,linear,1.81256818461497,3.11366388810866,1.88705846656747,0,NaN,NaN,
7,R7,8,linear,1.97223316721011,3.13204307018311,1.94235010587671,0,NaN,NaN,
7,R7,9,linear,1.94923428208222,3.03153739767188,2.15350722955603,1,0.474060005384781,0.474060005384781,0.474060005384781
7,R7,10,linear,1.99791849395478,2.99161334962942,2.08397327410293,0,NaN,NaN,
7,R7,11,linear,2.0466025354981,3.13551167074559,1.93228907537145,0,NaN,NaN,
7,R7,12,linear,2.0952873042379,3.11577271061707,2.18594207562052,1,0.490073304051094,0.490073304051094,0.490073304051094
7,R7,13,linear,2.13123913901563,3.32852221763777,2.03402931875469,0,NaN,NaN,
7,R7,14,linear,2.12582214133454,3.37443056013188,2.11566117528446,0,NaN,NaN,
7,R7,15,linear,2.1204053764659,3.15062160006469,1.91291493063043,0,NaN,NaN,
7,R7,16,linear,2.10976822708199,2.94857268558709,1.97207375379302,0,NaN,NaN,
7,R7,17,linear,2.09604969425527,2.83617644511274,1.9480540543206,0,NaN,NaN,
7,R7,18,linear,2.0263444914408,2.83828976042338,1.93614401488668,0,NaN,NaN,
7,R7,19,linear,1.9566385213775,3.1148920140741,2.03706741000785,0,NaN,NaN,
7,R7,20,linear,1.88693244560636,3.00327739431807,2.08549391415741,0,NaN,NaN,
7,R7,21,linear,1.75922343185539,3.1304502386924,2.1303346594612,0,NaN,NaN,
7,R7,1,power,1.2828291201813,NaN,0.534084733819012,0,NaN,NaN,
7,R7,2,power,1.40148647677688,NaN,1.60882298230609,0,NaN,NaN,
7,R7,3,power,1.55348647066057,NaN,1.69180406744835,0,NaN,NaN,
7,R7,4,power,1.53145608932755,3.0867655273103,1.70407255282161,0,NaN,NaN,
7,R7,5,power,1.47512234629266,3.08303279559798,1.76621762974715,0,NaN,NaN,
7,R7,6,power,1.41878937049569,3.05784061974365,1.81912076367968,0,NaN,NaN,
7,R7,7,power,1.81256818461497,3.11366388810866,1.88705846656747,0,NaN,NaN,
7,R7,8,power,1.97223316721011,3.13204307018311,1.94235010587671,0,NaN,NaN,
7,R7,9,power,1.94923428208222,3.03153739767188,2.15350722955603,0,NaN,NaN,
7,R7,10,power,1.99791849395478,2.99161334962942,2.08397327410293,0,NaN,NaN,
7,R7,11,power,2.0466025354981,3.13551167074559,1.93228907537145,0,NaN,NaN,
7,R7,12,power,2.0952873042379,3.11577271061707,2.18594207562052,0,NaN,NaN,
7,R7,13,power,2.13123913901563,3.32852221763777,2.03402931875469,0,NaN,NaN,
7,R7,14,power,2.12582214133454,3.37443056013188,2.11566117528446,0,NaN,NaN,
7,R7,15,power,2.1204053764659,3.15062160006469,1.91291493063043,0,NaN,NaN,
7,R7,16,power,2.10976822708199,2.94857268558709,1.97207375379302,0,NaN,NaN,
7,R7,17,power,2.09604969425527,2.83617644511274,1.9480540543206,0,NaN,NaN,
7,R7,18,power,2.0263444914408,2.83828976042338,1.93614401488668,0,NaN,NaN,
7,R7,19,power,1.9566385213775,3.1148920140741,2.03706741000785,0,NaN,NaN,
7,R7,20,power,1.88693244560636,3.00327739431807,2.08549391415741,0,NaN,NaN,
7,R7,21,power,1.75922343185539,3.1304502386924,2.1303346594612,0,NaN,NaN,
8,R8,1,uniform,1.22178417371015,NaN,0.949804547572812,0,NaN,NaN,
8,R8,2,uniform,1.37378440323482,NaN,1.46593544510972,0,NaN,NaN,
8,R8,3,uniform,1.45487176232928,3.35612939396517,1.56738475758367,1,0.271647290939344,0.271647290939344,0.271647290939344
8,R8,4,uniform,1.39853876767393,3.54230803141535,1.60674999090317,1,0.28523880062703,0.28523880062703,0.28523880062703
8,R8,5,uniform,1.34220579187695,3.12466839964059,1.64479578572088,1,0.310759840700353,0.310759840700353,0.310759840700353
8,R8,6,uniform,1.46927934227642,2.9635390770797,1.65300495442558,1,0.32000507569605,0.32000507569605,0.32000507569605
8,R8,7,uniform,1.88044933646233,3.16271090253995,1.73514876846503,1,0.356598342800028,0.356598342800028,0.356598342800028
8,R8,8,uniform,1.85482434745791,3.10076608664489,1.96409387277156,1,0.537821144634854,0.537821144634854,0.537821144634854
8,R8,9,uniform,1.86935434153474,3.46239305172913,1.95057154412693,1,0.482056642686376,0.482056642686376,0.482056642686376
8,R8,10,uniform,1.91803832214646,3.63703247099287,1.87078358773591,1,0.416200131030537,0.416200131030537,0.416200131030537
8,R8,11,uniform,1.96672337679684,NaN,1.66422708976102,0,NaN,NaN,
8,R8,12,uniform,2.01540735590152,NaN,1.67915768348482,0,NaN,NaN,
8,R8,13,uniform,2.02403596487147,2.23773327892437,1.67068639178036,1,0.390135062438891,0.390135062438891,0.390135062438891
8,R8,14,uniform,2.01861994836872,3.82835907703229,1.69774414499881,1,0.320401264027097,0.320401264027097,0.320401264027097
8,R8,15,uniform,2.01107559637785,2.55468687996694,1.74570738830876,1,0.408935966285801,0.408935966285801,0.408935966285801
8,R8,16,uniform,1.99940860138213,2.53004509289002,1.7904292377058,1,0.455534885122927,0.455534885122927,0.455534885122927
8,R8,17,uniform,1.95637871374493,2.47004726568851,1.83487491585957,1,0.528909690889752,0.528909690889752,0.528909690889752
8,R8,18,uniform,1.88667372484815,2.69001217782042,1.90348459879731,1,0.558123930091219,0.558123930091219,0.558123930091219
8,R8,19,uniform,1.81696777102934,2.5269472453123,2.03178685847258,0,NaN,NaN,
8,R8,20,uniform,1.73444621860926,2.52520688403061,2.01405567294385,0,NaN,NaN,
8,R8,21,uniform,1.57344628777173,2.69524801922924,1.70135186283405,1,0.361971391047149,0.361971391047149,0.361971391047149
8,R8,1,linear,1.22178417371015,NaN,0.949804547572812,0,NaN,NaN,
8,R8,2,linear,1.37378440323482,NaN,1.46593544510972,0,NaN,NaN,
8,R8,3,linear,1.45487176232928,3.35612939396517,1.56738475758367,0,NaN,NaN,
8,R8,4,linear,1.39853876767393,3.54230803141535,1.60674999090317,0,NaN,NaN,
8,R8,5,linear,1.34220579187695,3.12466839964059,1.64479578572088,0,NaN,NaN,
8,R8,6,linear,1.46927934227642,2.9635390770797,1.65300495442558,0,NaN,NaN,
8,R8,7,linear,1.88044933646233,3.16271090253995,1.73514876846503,0,NaN,NaN,
8,R8,8,linear,1.85482434745791,3.10076608664489,1.96409387277156,0,NaN,NaN,
8,R8,9,linear,1.86935434153474,3.46239305172913,1.95057154412693,0,NaN,NaN,
8,R8,10,linear,1.91803832214646,3.63703247099287,1.87078358773591,0,NaN,NaN,
8,R8,11,linear,1.96672337679684,NaN,1.66422708976102,0,NaN,NaN,
8,R8,12,linear,2.01540735590152,NaN,1.67915768348482,0,NaN,NaN,
8,R8,13,linear,2.02403596487147,2.23773327892437,1.67068639178036,0,NaN,NaN,
8,R8,14,linear,2.01861994836872,3.82835907703229,1.69774414499881,0,NaN,NaN,
8,R8,15,linear,2.01107559637785,2.55468687996694,1.74570738830876,0,NaN,NaN,
8,R8,16,linear,1.99940860138213,2.53004509289002,1.7904292377058,0,NaN,NaN,
8,R8,17,linear,1.95637871374493,2.47004726568851,1.83487491585957,0,NaN,NaN,
8,R8,18,linear,1.88667372484815,2.69001217782042,1.90348459879731,0,NaN,NaN,
8,R8,19,linear,1.81696777102934,2.5269472453123,2.03178685847258,2,0.47218029818148,2.72708908070592,0.47218029818148;2.72708908070592
8,R8,20,linear,1.73444621860926,2.52520688403061,2.01405567294385,2,0.447996924510479,4.30498561027043,0.447996924510479;4.30498561027043
8,R8,21,linear,1.57344628777173,2.69524801922924,1.70135186283405,0,NaN,NaN,
8,R8,1,power,1.22178417371015,NaN,0.949804547572812,0,NaN,NaN,
8,R8,2,power,1.37378440323482,NaN,1.46593544510972,0,NaN,NaN,
8,R8,3,power,1.45487176232928,3.35612939396517,1.56738475758367,0,NaN,NaN,
8,R8,4,power,1.39853876767393,3.54230803141535,1.60674999090317,0,NaN,NaN,
8,R8,5,power,1.34220579187695,3.12466839964059,1.64479578572088,0,NaN,NaN,
8,R8,6,power,1.46927934227642,2.9635390770797,1.65300495442558,0,NaN,NaN,
8,R8,7,power,1.88044933646233,3.16271090253995,1.73514876846503,0,NaN,NaN,
8,R8,8,power,1.85482434745791,3.10076608664489,1.96409387277156,0,NaN,NaN,
8,R8,9,power,1.86935434153474,3.46239305172913,1.95057154412693,0,NaN,NaN,
8,R8,10,power,1.91803832214646,3.63703247099287,1.87078358773591,0,NaN,NaN,
8,R8,11,power,1.96672337679684,NaN,1.66422708976102,0,NaN,NaN,
8,R8,12,power,2.01540735590152,NaN,1.67915768348482,0,NaN,NaN,
8,R8,13,power,2.02403596487147,2.23773327892437,1.67068639178036,0,NaN,NaN,
8,R8,14,power,2.01861994836872,3.82835907703229,1.69774414499881,0,NaN,NaN,
8,R8,15,power,2.01107559637785,2.55468687996694,1.74570738830876,0,NaN,NaN,
8,R8,16,power,1.99940860138213,2.53004509289002,1.7904292377058,0,NaN,NaN,
8,R8,17,power,1.95637871374493,2.47004726568851,1.83487491585957,0,NaN,NaN,
8,R8,18,power,1.88667372484815,2.69001217782042,1.90348459879731,0,NaN,NaN,
8,R8,19,power,1.81696777102934,2.5269472453123,2.03178685847258,2,0.463874408540282,1.80002321752664,0.463874408540282;1.80002321752664
8,R8,20,power,1.73444621860926,2.52520688403061,2.01405567294385,2,0.435510426902111,2.71716078040389,0.435510426902111;2.71716078040389
8,R8,21,power,1.57344628777173,2.69524801922924,1.70135186283405,0,NaN,NaN,
9,R9,1,uniform,1.32476992981265,1.01947925487589,1.05802301559754,1,0.141696553519469,0.141696553519469,0.141696553519469
9,R9,2,uniform,1.26843692591501,2.07654150297794,1.14433358327963,1,0.141539577167147,0.141539577167147,0.141539577167147
9,R9,3,uniform,1.21210394517129,2.19933448856881,1.17805834227925,1,0.150007072780772,0.150007072780772,0.150007072780772
9,R9,4,uniform,1.43644330144707,2.48509291621096,1.24923920420973,1,0.168584097744794,0.168584097744794,0.168584097744794
9,R9,5,uniform,1.75589118908556,2.37710110341522,1.35828061344145,1,0.206332993422708,0.206332993422708,0.206332993422708
9,R9,6,uniform,1.73026620010296,2.24794775499228,1.45539347790545,1,0.249938396887634,0.249938396887634,0.249938396887634
9,R9,7,uniform,1.75820926777487,2.07835610677876,1.62484804653144,1,0.376247767712135,0.376247767712135,0.376247767712135
9,R9,8,uniform,1.80689334312228,1.98558599273301,1.55525922583844,1,0.330493873742605,0.330493873742605,0.330493873742605
9,R9,9,uniform,1.85557827772391,1.72615630046754,1.58234449758686,1,0.453473775320981,0.453473775320981,0.453473775320981
9,R9,10,uniform,1.9042623012856,1.74110243816488,1.54262265415222,1,0.375576374008039,0.375576374008039,0.375576374008039
9,R9,11,uniform,1.90312520101816,2.0874475880725,1.54167413761115,1,0.307978460888781,0.307978460888781,0.307978460888781
9,R9,12,uniform,1.89770915844565,2.31682299667992,1.52055740868303,1,0.27901690843915,0.27901690843915,0.27901690843915
9,R9,13,uniform,1.88903663362089,NaN,1.57700659344255,0,NaN,NaN,
9,R9,14,uniform,1.87736963862517,2.02489831946024,1.54479708275582,1,0.317105825964058,0.317105825964058,0.317105825964058
9,R9,15,uniform,1.82386303956628,2.06121116760941,1.63050290131217,1,0.385639035091551,0.385639035091551,0.385639035091551
9,R9,16,uniform,1.75415801895087,1.88899646617987,1.65516798179347,1,0.495962900747412,0.495962900747412,0.495962900747412
9,R9,17,uniform,1.68445196166249,1.77182355156182,1.71071301707283,0,NaN,NaN,
9,R9,18,uniform,1.58545076683095,1.84841172365107,1.74786690837893,0,NaN,NaN,
9,R9,19,uniform,1.42445083599159,1.80524538551403,1.65968954487558,1,0.641176883728371,0.641176883728371,0.641176883728371
9,R9,20,uniform,1.35287961033282,1.64051954085062,1.67726472967007,0,NaN,NaN,
9,R9,21,uniform,1.47057175825739,1.80766438684721,1.64343221491385,1,0.548803991814549,0.548803991814549,0.548803991814549
9,R9,1,linear,1.32476992981265,1.01947925487589,1.05802301559754,0,NaN,NaN,
9,R9,2,linear,1.26843692591501,2.07654150297794,1.14433358327963,0,NaN,NaN,
9,R9,3,linear,1.21210394517129,2.19933448856881,1.17805834227925,0,NaN,NaN,
9,R9,4,linear,1.43644330144707,2.48509291621096,1.24923920420973,0,NaN,NaN,
9,R9,5,linear,1.75589118908556,2.37710110341522,1.35828061344145,0,NaN,NaN,
9,R9,6,linear,1.73026620010296,2.24794775499228,1.45539347790545,0,NaN,NaN,
9,R9,7,linear,1.75820926777487,2.07835610677876,1.62484804653144,0,NaN,NaN,
9,R9,8,linear,1.80689334312228,1.98558599273301,1.55525922583844,0,NaN,NaN,
9,R9,9,linear,1.85557827772391,1.72615630046754,1.58234449758686,0,NaN,NaN,
9,R9,10,linear,1.9042623012856,1.74110243816488,1.54262265415222,0,NaN,NaN,
9,R9,11,linear,1.90312520101816,2.0874475880725,1.54167413761115,0,NaN,NaN,
9,R9,12,linear,1.89770915844565,2.31682299667992,1.52055740868303,0,NaN,NaN,
9,R9,13,linear,1.88903663362089,NaN,1.57700659344255,0,NaN,NaN,
9,R9,14,linear,1.87736963862517,2.02489831946024,1.54479708275582,0,NaN,NaN,
9,R9,15,linear,1.82386303956628,2.06121116760941,1.63050290131217,0,NaN,NaN,
9,R9,16,linear,1.75415801895087,1.88899646617987,1.65516798179347,0,NaN,NaN,
9,R9,17,linear,1.68445196166249,1.77182355156182,1.71071301707283,2,0.343631185704204,1.5472307158457,0.343631185704204;1.5472307158457
9,R9,18,linear,1.58545076683095,1.84841172365107,1.74786690837893,2,0.359341613707872,1.59572158820988,0.359341613707872;1.59572158820988
9,R9,19,linear,1.42445083599159,1.80524538551403,1.65968954487558,0,NaN,NaN,
9,R9,20,linear,1.35287961033282,1.64051954085062,1.67726472967007,2,0.376065616644477,0.847036987432382,0.376065616644477;0.847036987432382
9,R9,21,linear,1.47057175825739,1.80766438684721,1.64343221491385,0,NaN,NaN,
9,R9,1,power,1.32476992981265,1.01947925487589,1.05802301559754,0,NaN,NaN,
9,R9,2,power,1.26843692591501,2.07654150297794,1.14433358327963,0,NaN,NaN,
9,R9,3,power,1.21210394517129,2.19933448856881,1.17805834227925,0,NaN,NaN,
9,R9,4,power,1.43644330144707,2.48509291621096,1.24923920420973,0,NaN,NaN,
9,R9,5,power,1.75589118908556,2.37710110341522,1.35828061344145,0,NaN,NaN,
9,R9,6,power,1.73026620010296,2.24794775499228,1.45539347790545,0,NaN,NaN,
9,R9,7,power,1.75820926777487,2.07835610677876,1.62484804653144,0,NaN,NaN,
9,R9,8,power,1.80689334312228,1.98558599273301,1.55525922583844,0,NaN,NaN,
9,R9,9,power,1.85557827772391,1.72615630046754,1.58234449758686,0,NaN,NaN,
9,R9,10,power,1.9042623012856,1.74110243816488,1.54262265415222,0,NaN,NaN,
9,R9,11,power,1.90312520101816,2.0874475880725,1.54167413761115,0,NaN,NaN,
9,R9,12,power,1.89770915844565,2.31682299667992,1.52055740868303,0,NaN,NaN,
9,R9,13,power,1.88903663362089,NaN,1.57700659344255,0,NaN,NaN,
9,R9,14,power,1.87736963862517,2.02489831946024,1.54479708275582,0,NaN,NaN,
9,R9,15,power,1.82386303956628,2.06121116760941,1.63050290131217,0,NaN,NaN,
9,R9,16,power,1.75415801895087,1.88899646617987,1.65516798179347,0,NaN,NaN,
9,R9,17,power,1.68445196166249,1.77182355156182,1.71071301707283,2,0.340917239591701,1.04580201897861,0.340917239591701;1.04580201897861
9,R9,18,power,1.58545076683095,1.84841172365107,1.74786690837893,2,0.356746667696082,1.07985452849651,0.356746667696082;1.07985452849651
9,R9,19,power,1.42445083599159,1.80524538551403,1.65968954487558,0,NaN,NaN,
9,R9,20,power,1.35287961033282,1.64051954085062,1.67726472967007,2,0.422950529279913,0.545329889003957,0.422950529279913;0.545329889003957
9,R9,21,power,1.47057175825739,1.80766438684721,1.64343221491385,0,NaN,NaN,
10,R10,1,uniform,1.19097014350336,NaN,0.828043754964672,0,NaN,NaN,
10,R10,2,uniform,1.13463673898787,NaN,0.822999183755882,0,NaN,NaN,
10,R10,3,uniform,1.0783031919118,NaN,0.777099763105877,0,NaN,NaN,
10,R10,4,uniform,1.18977643521339,1.58009226731188,1.02757027563163,1,0.115023204556611,0.115023204556611,0.115023204556611
10,R10,5,uniform,1.61565848714417,1.80717259567394,1.21821562634692,1,0.168111223988733,0.168111223988733,0.168111223988733
10,R10,6,uniform,1.59003349813975,1.77416982365188,1.30095929482582,1,0.200590411873963,0.200590411873963,0.200590411873963
10,R10,7,uniform,1.60241184689494,1.6259950471515,1.54140037213605,1,0.440707572685125,0.440707572685125,0.440707572685125
10,R10,8,uniform,1.65109639724506,1.57575759877164,1.41997088764025,1,0.28970517303569,0.28970517303569,0.28970517303569
10,R10,9,uniform,1.69978043132323,2.29134708499991,1.1418961123213,1,0.13931423105413,0.13931423105413,0.13931423105413
10,R10,10,uniform,1.74846444322247,NaN,1.22237684358006,0,NaN,NaN,
10,R10,11,uniform,1.75866030224915,1.0971928387772,1.3357508839503,0,NaN,NaN,
10,R10,12,uniform,1.75324330456897,1.6200068384948,1.26822592426288,1,0.193667174959034,0.193667174959034,0.193667174959034
10,R10,13,uniform,1.74588033159125,1.67722047140032,1.50329165639564,1,0.348247451365414,0.348247451365414,0.348247451365414
10,R10,14,uniform,1.73421388479983,1.71432608620309,1.26323433284268,1,0.187476621251493,0.187476621251493,0.187476621251493
10,R10,15,uniform,1.69286462398213,1.74584803563096,1.31428562577186,1,0.207693293638264,0.207693293638264,0.207693293638264
10,R10,16,uniform,1.62315865392156,1.77620972167385,1.12554799182327,1,0.139432727651605,0.139432727651605,0.139432727651605
10,R10,17,uniform,1.55345268385827,1.85922860957618,1.05500103199292,1,0.119555911629354,0.119555911629354,0.119555911629354
10,R10,18,uniform,1.47357447703598,2.03651186956781,1.11094262490048,1,0.132758536375693,0.132758536375693,0.132758536375693
10,R10,19,uniform,1.31257440975605,1.5369591384511,1.31864124041111,1,0.224332640800885,0.224332640800885,0.224332640800885
10,R10,20,uniform,1.18262777740711,1.98139325970409,1.28886997944112,1,0.189160672403238,0.189160672403238,0.189160672403238
10,R10,21,uniform,1.30031972684628,NaN,1.20571737590194,0,NaN,NaN,
10,R10,1,linear,1.19097014350336,NaN,0.828043754964672,0,NaN,NaN,
10,R10,2,linear,1.13463673898787,NaN,0.822999183755882,0,NaN,NaN,
10,R10,3,linear,1.0783031919118,NaN,0.777099763105877,0,NaN,NaN,
10,R10,4,linear,1.18977643521339,1.58009226731188,1.02757027563163,0,NaN,NaN,
10,R10,5,linear,1.61565848714417,1.80717259567394,1.21821562634692,0,NaN,NaN,
10,R10,6,linear,1.59003349813975,1.77416982365188,1.30095929482582,0,NaN,NaN,
10,R10,7,linear,1.60241184689494,1.6259950471515,1.54140037213605,0,NaN,NaN,
10,R10,8,linear,1.65109639724506,1.57575759877164,1.41997088764025,0,NaN,NaN,
10,R10,9,linear,1.69978043132323,2.29134708499991,1.1418961123213,0,NaN,NaN,
10,R10,10,linear,1.74846444322247,NaN,1.22237684358006,0,NaN,NaN,
10,R10,11,linear,1.75866030224915,1.0971928387772,1.3357508839503,2,0.201898743537322,1.3210302445081,0.201898743537322;1.3210302445081
10,R10,12,linear,1.75324330456897,1.6200068384948,1.26822592426288,0,NaN,NaN,
10,R10,13,linear,1.74588033159125,1.67722047140032,1.50329165639564,0,NaN,NaN,
10,R10,14,linear,1.73421388479983,1.71432608620309,1.26323433284268,0,NaN,NaN,
10,R10,15,linear,1.69286462398213,1.74584803563096,1.31428562577186,0,NaN,NaN,
10,R10,16,linear,1.62315865392156,1.77620972167385,1.12554799182327,0,NaN,NaN,
10,R10,17,linear,1.55345268385827,1.85922860957618,1.05500103199292,0,NaN,NaN,
10,R10,18,linear,1.47357447703598,2.03651186956781,1.11094262490048,0,NaN,NaN,
10,R10,19,linear,1.31257440975605,1.5369591384511,1.31864124041111,0,NaN,NaN,
10,R10,20,linear,1.18262777740711,1.98139325970409,1.28886997944112,0,NaN,NaN,
10,R10,21,linear,1.30031972684628,NaN,1.20571737590194,0,NaN,NaN,
10,R10,1,power,1.19097014350336,NaN,0.828043754964672,0,NaN,NaN,
10,R10,2,power,1.13463673898787,NaN,0.822999183755882,0,NaN,NaN,
10,R10,3,power,1.0783031919118,NaN,0.777099763105877,0,NaN,NaN,
10,R10,4,power,1.18977643521339,1.58009226731188,1.02757027563163,0,NaN,NaN,
10,R10,5,power,1.61565848714417,1.80717259567394,1.21821562634692,0,NaN,NaN,
10,R10,6,power,1.59003349813975,1.77416982365188,1.30095929482582,0,NaN,NaN,
10,R10,7,power,1.60241184689494,1.6259950471515,1.54140037213605,0,NaN,NaN,
10,R10,8,power,1.65109639724506,1.57575759877164,1.41997088764025,0,NaN,NaN,
10,R10,9,power,1.69978043132323,2.29134708499991,1.1418961123213,0,NaN,NaN,
10,R10,10,power,1.74846444322247,NaN,1.22237684358006,0,NaN,NaN,
10,R10,11,power,1.75866030224915,1.0971928387772,1.3357508839503,2,0.197667525511764,0.861311411281926,0.197667525511764;0.861311411281926
10,R10,12,power,1.75324330456897,1.6200068384948,1.26822592426288,0,NaN,NaN,
10,R10,13,power,1.74588033159125,1.67722047140032,1.50329165639564,0,NaN,NaN,
10,R10,14,power,1.73421388479983,1.71432608620309,1.26323433284268,0,NaN,NaN,
10,R10,15,power,1.69286462398213,1.74584803563096,1.31428562577186,0,NaN,NaN,
10,R10,16,power,1.62315865392156,1.77620972167385,1.12554799182327,0,NaN,NaN,
10,R10,17,power,1.55345268385827,1.85922860957618,1.05500103199292,0,NaN,NaN,
10,R10,18,power,1.47357447703598,2.03651186956781,1.11094262490048,0,NaN,NaN,
10,R10,19,power,1.31257440975605,1.5369591384511,1.31864124041111,0,NaN,NaN,
10,R10,20,power,1.18262777740711,1.98139325970409,1.28886997944112,0,NaN,NaN,
10,R10,21,power,1.30031972684628,NaN,1.20571737590194,0,NaN,NaN,
11,R11,1,uniform,1.06167241531148,NaN,0.56481881073748,0,NaN,NaN,
11,R11,2,uniform,1.01151846333232,NaN,0.810474122306784,0,NaN,NaN,
11,R11,3,uniform,0.955185004406303,NaN,0.91542774972875,0,NaN,NaN,
11,R11,4,uniform,0.898851511739849,NaN,0.897446977645416,0,NaN,NaN,
11,R11,5,uniform,1.36536880293534,NaN,0.987141286552928,0,NaN,NaN,
11,R11,6,uniform,1.45644083181469,1.16021542159918,1.09269970196689,1,0.146066388656448,0.146066388656448,0.146066388656448
11,R11,7,uniform,1.44347343680238,1.2372339714057,1.03434543133474,1,0.122826024528204,0.122826024528204,0.122826024528204
11,R11,8,uniform,1.49215741588432,1.27194236285156,1.10627291862567,1,0.145507197285826,0.145507197285826,0.145507197285826
11,R11,9,uniform,1.54084187813169,1.19683191377147,0.969256414889474,1,0.105305627285958,0.105305627285958,0.105305627285958
11,R11,10,uniform,1.58952595340452,1.14263633093169,1.06528731655887,1,0.136643631247278,0.136643631247278,0.136643631247278
11,R11,11,uniform,1.61817465915374,1.23725994728687,1.08740285402108,1,0.140219091302242,0.140219091302242,0.140219091302242
11,R11,12,uniform,1.61275817836213,1.22808623648467,1.02294398926353,1,0.119647002114391,0.119647002114391,0.119647002114391
11,R11,13,uniform,1.60734118152868,0.998825267057952,1.03568393167215,1,0.134077733574277,0.134077733574277,0.134077733574277
11,R11,14,uniform,1.59586005305209,0.991818401691059,1.07509933894195,1,0.152216059974913,0.152216059974913,0.152216059974913
11,R11,15,uniform,1.57430745036436,1.19307506656725,1.12410524514568,1,0.156791754881797,0.156791754881797,0.156791754881797
11,R11,16,uniform,1.50460148030379,NaN,1.06534474762011,0,NaN,NaN,
11,R11,17,uniform,1.43489551024049,1.1674492518014,1.08241325686164,1,0.141697903416849,0.141697903416849,0.141697903416849
11,R11,18,uniform,1.36518954018175,1.20559104880551,1.13883677526887,1,0.1622867588507,0.1622867588507,0.1622867588507
11,R11,19,uniform,1.22515656107953,1.14817378027312,0.989298852944194,1,0.11191393290017,0.11191393290017,0.11191393290017
11,R11,20,uniform,1.06415663024018,1.0486688462026,0.934087683942152,1,0.0991287408646873,0.0991287408646873,0.0991287408646873
11,R11,21,uniform,1.11784369677298,1.06945117131139,1.1528752242104,1,0.185022269077378,0.185022269077378,0.185022269077378
11,R11,1,linear,1.06167241531148,NaN,0.56481881073748,0,NaN,NaN,
11,R11,2,linear,1.01151846333232,NaN,0.810474122306784,0,NaN,NaN,
11,R11,3,linear,0.955185004406303,NaN,0.91542774972875,0,NaN,NaN,
11,R11,4,linear,0.898851511739849,NaN,0.897446977645416,0,NaN,NaN,
11,R11,5,linear,1.36536880293534,NaN,0.987141286552928,0,NaN,NaN,
11,R11,6,linear,1.45644083181469,1.16021542159918,1.09269970196689,0,NaN,NaN,
11,R11,7,linear,1.44347343680238,1.2372339714057,1.03434543133474,0,NaN,NaN,
11,R11,8,linear,1.49215741588432,1.27194236285156,1.10627291862567,0,NaN,NaN,
11,R11,9,linear,1.54084187813169,1.19683191377147,0.969256414889474,0,NaN,NaN,
11,R11,10,linear,1.58952595340452,1.14263633093169,1.06528731655887,0,NaN,NaN,
11,R11,11,linear,1.61817465915374,1.23725994728687,1.08740285402108,0,NaN,NaN,
11,R11,12,linear,1.61275817836213,1.22808623648467,1.02294398926353,0,NaN,NaN,
11,R11,13,linear,1.60734118152868,0.998825267057952,1.03568393167215,0,NaN,NaN,
11,R11,14,linear,1.59586005305209,0.991818401691059,1.07509933894195,0,NaN,NaN,
11,R11,15,linear,1.57430745036436,1.19307506656725,1.12410524514568,0,NaN,NaN,
11,R11,16,linear,1.50460148030379,NaN,1.06534474762011,0,NaN,NaN,
11,R11,17,linear,1.43489551024049,1.1674492518014,1.08241325686164,0,NaN,NaN,
11,R11,18,linear,1.36518954018175,1.20559104880551,1.13883677526887,0,NaN,NaN,
11,R11,19,linear,1.22515656107953,1.14817378027312,0.989298852944194,0,NaN,NaN,
11,R11,20,linear,1.06415663024018,1.0486688462026,0.934087683942152,0,NaN,NaN,
11,R11,21,linear,1.11784369677298,1.06945117131139,1.1528752242104,0,NaN,NaN,
11,R11,1,power,1.06167241531148,NaN,0.56481881073748,0,NaN,NaN,
11,R11,2,power,1.01151846333232,NaN,0.810474122306784,0,NaN,NaN,
11,R11,3,power,0.955185004406303,NaN,0.91542774972875,0,NaN,NaN,
11,R11,4,power,0.898851511739849,NaN,0.897446977645416,0,NaN,NaN,
11,R11,5,power,1.36536880293534,NaN,0.987141286552928,0,NaN,NaN,
11,R11,6,power,1.45644083181469,1.16021542159918,1.09269970196689,0,NaN,NaN,
11,R11,7,power,1.44347343680238,1.2372339714057,1.03434543133474,0,NaN,NaN,
11,R11,8,power,1.49215741588432,1.27194236285156,1.10627291862567,0,NaN,NaN,
11,R11,9,power,1.54084187813169,1.19683191377147,0.969256414889474,0,NaN,NaN,
11,R11,10,power,1.58952595340452,1.14263633093169,1.06528731655887,0,NaN,NaN,
11,R11,11,power,1.61817465915374,1.23725994728687,1.08740285402108,0,NaN,NaN,
11,R11,12,power,1.61275817836213,1.22808623648467,1.02294398926353,0,NaN,NaN,
11,R11,13,power,1.60734118152868,0.998825267057952,1.03568393167215,0,NaN,NaN,
11,R11,14,power,1.59586005305209,0.991818401691059,1.07509933894195,0,NaN,NaN,
11,R11,15,power,1.57430745036436,1.19307506656725,1.12410524514568,0,NaN,NaN,
11,R11,16,power,1.50460148030379,NaN,1.06534474762011,0,NaN,NaN,
11,R11,17,power,1.43489551024049,1.1674492518014,1.08241325686164,0,NaN,NaN,
11,R11,18,power,1.36518954018175,1.20559104880551,1.13883677526887,0,NaN,NaN,
11,R11,19,power,1.22515656107953,1.14817378027312,0.989298852944194,0,NaN,NaN,
11,R11,20,power,1.06415663024018,1.0486688462026,0.934087683942152,0,NaN,NaN,
11,R11,21,power,1.11784369677298,1.06945117131139,1.1528752242104,0,NaN,NaN,
12,R12,1,uniform,0.837265966396444,1.52668477748639,0.507502738766334,0,NaN,NaN,
12,R12,2,uniform,0.78093265431653,NaN,0.586124933969017,0,NaN,NaN,
12,R12,3,uniform,1.00116961851836,NaN,0.658131680106707,0,NaN,NaN,
12,R12,4,uniform,1.32448614812711,0.572931411875237,0.729011465172059,1,0.062289441487133,0.062289441487133,0.062289441487133
12,R12,5,uniform,1.29886115912268,0.602311794745697,0.722815877714395,1,0.0599863635884256,0.0599863635884256,0.0599863635884256
12,R12,6,uniform,1.32623880951905,0.695773521289506,0.813182700381449,1,0.0782131013307393,0.0782131013307393,0.0782131013307393
12,R12,7,uniform,1.37492285245389,0.555894841774393,0.775077268487316,1,0.0752764409655664,0.0752764409655664,0.0752764409655664
12,R12,8,uniform,1.42360752767672,NaN,0.831106011690972,0,NaN,NaN,
12,R12,9,uniform,1.47229150675957,1.48776988103104,0.814077972566319,1,0.0694741632081439,0.0694741632081439,0.0694741632081439
12,R12,10,uniform,1.47156665199509,NaN,0.688412245494349,0,NaN,NaN,
12,R12,11,uniform,1.46615031860892,0.602903125244766,0.795726848334791,1,0.0781548509078282,0.0781548509078282,0.0781548509078282
12,R12,12,uniform,1.45752533601262,NaN,0.796823499555877,0,NaN,NaN,
12,R12,13,uniform,1.44585867724436,0.723296649583762,0.819485637233517,1,0.0787794744591839,0.0787794744591839,0.0787794744591839
12,R12,14,uniform,1.39279406738387,0.396538234718167,0.846979323697078,0,NaN,NaN,
12,R12,15,uniform,1.32308876107163,0.922558192650021,0.731347628347999,1,0.0572369496539301,0.0572369496539301,0.0572369496539301
12,R12,16,uniform,1.253382699555,0.364464336861937,0.775872283181977,0,NaN,NaN,
12,R12,17,uniform,1.15507661105403,0.374699225673077,0.798778271180866,0,NaN,NaN,
12,R12,18,uniform,0.994076680215585,0.696955062785907,0.84247921715552,1,0.0863594385766757,0.0863594385766757,0.0863594385766757
12,R12,19,uniform,0.920383449677502,0.463019062998435,0.7801538171249,1,0.0901843451024942,0.0901843451024942,0.0901843451024942
12,R12,20,uniform,1.03807586603398,0.353081278565373,0.663344418569623,1,0.0611680538791901,0.0611680538791901,0.0611680538791901
12,R12,21,uniform,1.1557685574835,0.585033413143952,0.662730430479813,0,NaN,NaN,
12,R12,1,linear,0.837265966396444,1.52668477748639,0.507502738766334,0,NaN,NaN,
12,R12,2,linear,0.78093265431653,NaN,0.586124933969017,0,NaN,NaN,
12,R12,3,linear,1.00116961851836,NaN,0.658131680106707,0,NaN,NaN,
12,R12,4,linear,1.32448614812711,0.572931411875237,0.729011465172059,0,NaN,NaN,
12,R12,5,linear,1.29886115912268,0.602311794745697,0.722815877714395,0,NaN,NaN,
12,R12,6,linear,1.32623880951905,0.695773521289506,0.813182700381449,0,NaN,NaN,
12,R12,7,linear,1.37492285245389,0.555894841774393,0.775077268487316,0,NaN,NaN,
12,R12,8,linear,1.42360752767672,NaN,0.831106011690972,0,NaN,NaN,
12,R12,9,linear,1.47229150675957,1.48776988103104,0.814077972566319,0,NaN,NaN,
12,R12,10,linear,1.47156665199509,NaN,0.688412245494349,0,NaN,NaN,
12,R12,11,linear,1.46615031860892,0.602903125244766,0.795726848334791,0,NaN,NaN,
12,R12,12,linear,1.45752533601262,NaN,0.796823499555877,0,NaN,NaN,
12,R12,13,linear,1.44585867724436,0.723296649583762,0.819485637233517,0,NaN,NaN,
12,R12,14,linear,1.39279406738387,0.396538234718167,0.846979323697078,0,NaN,NaN,
12,R12,15,linear,1.32308876107163,0.922558192650021,0.731347628347999,0,NaN,NaN,
12,R12,16,linear,1.253382699555,0.364464336861937,0.775872283181977,2,0.0701598102058606,0.330524676516897,0.0701598102058606;0.330524676516897
12,R12,17,linear,1.15507661105403,0.374699225673077,0.798778271180866,2,0.0818182038305585,0.216617936475007,0.0818182038305585;0.216617936475007
12,R12,18,linear,0.994076680215585,0.696955062785907,0.84247921715552,0,NaN,NaN,
12,R12,19,linear,0.920383449677502,0.463019062998435,0.7801538171249,0,NaN,NaN,
12,R12,20,linear,1.03807586603398,0.353081278565373,0.663344418569623,0,NaN,NaN,
12,R12,21,linear,1.1557685574835,0.585033413143952,0.662730430479813,0,NaN,NaN,
12,R12,1,power,0.837265966396444,1.52668477748639,0.507502738766334,0,NaN,NaN,
12,R12,2,power,0.78093265431653,NaN,0.586124933969017,0,NaN,NaN,
12,R12,3,power,1.00116961851836,NaN,0.658131680106707,0,NaN,NaN,
12,R12,4,power,1.32448614812711,0.572931411875237,0.729011465172059,0,NaN,NaN,
12,R12,5,power,1.29886115912268,0.602311794745697,0.722815877714395,0,NaN,NaN,
12,R12,6,power,1.32623880951905,0.695773521289506,0.813182700381449,0,NaN,NaN,
12,R12,7,power,1.37492285245389,0.555894841774393,0.775077268487316,0,NaN,NaN,
12,R12,8,power,1.42360752767672,NaN,0.831106011690972,0,NaN,NaN,
12,R12,9,power,1.47229150675957,1.48776988103104,0.814077972566319,0,NaN,NaN,
12,R12,10,power,1.47156665199509,NaN,0.688412245494349,0,NaN,NaN,
12,R12,11,power,1.46615031860892,0.602903125244766,0.795726848334791,0,NaN,NaN,
12,R12,12,power,1.45752533601262,NaN,0.796823499555877,0,NaN,NaN,
12,R12,13,power,1.44585867724436,0.723296649583762,0.819485637233517,0,NaN,NaN,
12,R12,14,power,1.39279406738387,0.396538234718167,0.846979323697078,0,NaN,NaN,
12,R12,15,power,1.32308876107163,0.922558192650021,0.731347628347999,0,NaN,NaN,
12,R12,16,power,1.253382699555,0.364464336861937,0.775872283181977,2,0.0694515042580098,0.222510007905137,0.0694515042580098;0.222510007905137
12,R12,17,power,1.15507661105403,0.374699225673077,0.798778271180866,2,0.0860267003378389,0.147123493215995,0.0860267003378389;0.147123493215995
12,R12,18,power,0.994076680215585,0.696955062785907,0.84247921715552,0,NaN,NaN,
12,R12,19,power,0.920383449677502,0.463019062998435,0.7801538171249,0,NaN,NaN,
12,R12,20,power,1.03807586603398,0.353081278565373,0.663344418569623,0,NaN,NaN,
12,R12,21,power,1.1557685574835,0.585033413143952,0.662730430479813,0,NaN,NaN,
13,R13,1,uniform,0.768882078647039,NaN,0.52020462703818,0,NaN,NaN,
13,R13,2,uniform,0.712548592556232,2.99099842521714,0.573499181870726,0,NaN,NaN,
13,R13,3,uniform,0.656215127054566,5.08343620699967,0.629909040756138,0,NaN,NaN,
13,R13,4,uniform,1.12243962770663,0.300000000000004,0.605229904168316,0,NaN,NaN,
13,R13,5,uniform,1.21378776783604,0.567136014828321,0.689383010300938,1,0.0540532656831344,0.0540532656831344,0.0540532656831344
13,R13,6,uniform,1.20077997738008,1.63251998018507,0.733939236092545,1,0.0557431182025583,0.0557431182025583,0.0557431182025583
13,R13,7,uniform,1.24946395646111,4.63445312621027,0.770499655515622,1,0.06065230049254,0.06065230049254,0.06065230049254
13,R13,8,uniform,1.29814844587509,6.72610280885784,0.785194682117315,1,0.0629118019510152,0.0629118019510152,0.0629118019510152
13,R13,9,uniform,1.34683252114701,4.70694333970496,0.762105442791969,1,0.0593283141816162,0.0593283141816162,0.0593283141816162
13,R13,10,uniform,1.37551062021794,5.59750177169229,0.671240486702491,0,NaN,NaN,
13,R13,11,uniform,1.37009411226154,6.28879234750968,0.641965585433732,0,NaN,NaN,
13,R13,12,uniform,1.36467711538444,0.564518210958027,0.700155598234796,1,0.0562935856940573,0.0562935856940573,0.0562935856940573
13,R13,13,uniform,1.35319941036596,5.42546741988764,0.748590493781011,1,0.057203995857636,0.057203995857636,0.057203995857636
13,R13,14,uniform,1.3316783188211,1.26172129113518,0.689246405407475,0,NaN,NaN,
13,R13,15,uniform,1.26197234875963,6.74369283169339,0.661766145982947,0,NaN,NaN,
13,R13,16,uniform,1.19226637869633,7.46344891839984,0.681837312012089,0,NaN,NaN,
13,R13,17,uniform,1.12256040863667,5.38650980239243,0.762393001206194,1,0.059344068178174,0.059344068178174,0.059344068178174
13,R13,18,uniform,0.982577033408234,0.499063075736228,0.752261663247416,1,0.0729919260057226,0.0729919260057226,0.0729919260057226
13,R13,19,uniform,0.821577102568881,3.711163397601,0.766530987392627,1,0.0601002677241865,0.0601002677241865,0.0601002677241865
13,R13,20,uniform,0.875112749611617,0.484383897613395,0.765312357171583,1,0.0793123053246074,0.0793123053246074,0.0793123053246074
13,R13,21,uniform,0.992804699051703,7.34448749821993,0.648684821860385,0,NaN,NaN,
13,R13,1,linear,0.768882078647039,NaN,0.52020462703818,0,NaN,NaN,
13,R13,2,linear,0.712548592556232,2.99099842521714,0.573499181870726,0,NaN,NaN,
13,R13,3,linear,0.656215127054566,5.08343620699967,0.629909040756138,0,NaN,NaN,
13,R13,4,linear,1.12243962770663,0.300000000000004,0.605229904168316,0,NaN,NaN,
13,R13,5,linear,1.21378776783604,0.567136014828321,0.689383010300938,0,NaN,NaN,
13,R13,6,linear,1.20077997738008,1.63251998018507,0.733939236092545,0,NaN,NaN,
13,R13,7,linear,1.24946395646111,4.63445312621027,0.770499655515622,0,NaN,NaN,
13,R13,8,linear,1.29814844587509,6.72610280885784,0.785194682117315,0,NaN,NaN,
13,R13,9,linear,1.34683252114701,4.70694333970496,0.762105442791969,0,NaN,NaN,
13,R13,10,linear,1.37551062021794,5.59750177169229,0.671240486702491,0,NaN,NaN,
13,R13,11,linear,1.37009411226154,6.28879234750968,0.641965585433732,0,NaN,NaN,
13,R13,12,linear,1.36467711538444,0.564518210958027,0.700155598234796,0,NaN,NaN,
13,R13,13,linear,1.35319941036596,5.42546741988764,0.748590493781011,0,NaN,NaN,
13,R13,14,linear,1.3316783188211,1.26172129113518,0.689246405407475,0,NaN,NaN,
13,R13,15,linear,1.26197234875963,6.74369283169339,0.661766145982947,0,NaN,NaN,
13,R13,16,linear,1.19226637869633,7.46344891839984,0.681837312012089,0,NaN,NaN,
13,R13,17,linear,1.12256040863667,5.38650980239243,0.762393001206194,0,NaN,NaN,
13,R13,18,linear,0.982577033408234,0.499063075736228,0.752261663247416,0,NaN,NaN,
13,R13,19,linear,0.821577102568881,3.711163397601,0.766530987392627,0,NaN,NaN,
13,R13,20,linear,0.875112749611617,0.484383897613395,0.765312357171583,0,NaN,NaN,
13,R13,21,linear,0.992804699051703,7.34448749821993,0.648684821860385,0,NaN,NaN,
13,R13,1,power,0.768882078647039,NaN,0.52020462703818,0,NaN,NaN,
13,R13,2,power,0.712548592556232,2.99099842521714,0.573499181870726,0,NaN,NaN,
13,R13,3,power,0.656215127054566,5.08343620699967,0.629909040756138,0,NaN,NaN,
13,R13,4,power,1.12243962770663,0.300000000000004,0.605229904168316,0,NaN,NaN,
13,R13,5,power,1.21378776783604,0.567136014828321,0.689383010300938,0,NaN,NaN,
13,R13,6,power,1.20077997738008,1.63251998018507,0.733939236092545,0,NaN,NaN,
13,R13,7,power,1.24946395646111,4.63445312621027,0.770499655515622,0,NaN,NaN,
13,R13,8,power,1.29814844587509,6.72610280885784,0.785194682117315,0,NaN,NaN,
13,R13,9,power,1.34683252114701,4.70694333970496,0.762105442791969,0,NaN,NaN,
13,R13,10,power,1.37551062021794,5.59750177169229,0.671240486702491,0,NaN,NaN,
13,R13,11,power,1.37009411226154,6.28879234750968,0.641965585433732,0,NaN,NaN,
13,R13,12,power,1.36467711538444,0.564518210958027,0.700155598234796,0,NaN,NaN,
13,R13,13,power,1.35319941036596,5.42546741988764,0.748590493781011,0,NaN,NaN,
13,R13,14,power,1.3316783188211,1.26172129113518,0.689246405407475,0,NaN,NaN,
13,R13,15,power,1.26197234875963,6.74369283169339,0.661766145982947,0,NaN,NaN,
13,R13,16,power,1.19226637869633,7.46344891839984,0.681837312012089,0,NaN,NaN,
13,R13,17,power,1.12256040863667,5.38650980239243,0.762393001206194,0,NaN,NaN,
13,R13,18,power,0.982577033408234,0.499063075736228,0.752261663247416,0,NaN,NaN,
13,R13,19,power,0.821577102568881,3.711163397601,0.766530987392627,0,NaN,NaN,
13,R13,20,power,0.875112749611617,0.484383897613395,0.765312357171583,0,NaN,NaN,
13,R13,21,power,0.992804699051703,7.34448749821993,0.648684821860385,0,NaN,NaN,
